hb_ratio_mol,hv_ratio_mol,mw_phbv,mn_phbv,pdi,additive1_type,additive1_percentage_wt,additive2_type,additive2_percentage_wt,spread_speed,young_modulus,tensile_strength,elongation_at_break,tg1,tc1,tm1,td5,dhm1,crystallinity
100.0,0.0,1623000.0,1345000.0,1.22,no_additive,0.0,no_additive,0.0,,1578.3,16.35,3.95,3.0,,175.0,235.0,58.0,
100.0,0.0,166000.0,63846.153846153844,2.6,no_additive,0.0,no_additive,0.0,,,,,4.0,,175.0,,22.0,
100.0,0.0,3240000.0,1940119.760479042,1.67,no_additive,0.0,no_additive,0.0,,,,,8.0,,178.0,,,
37.0,63.0,1700000.0,762331.8385650225,2.23,no_additive,0.0,no_additive,0.0,,,,,-6.0,,134.0,,,
22.0,78.0,1830000.0,973404.255319149,1.88,no_additive,0.0,no_additive,0.0,,,,,-2.0,,150.0,,,
100.0,0.0,640000.0,250000.0,2.58,no_additive,0.0,no_additive,0.0,,300.0,10.0,11.0,3.0,54.0,175.0,,,80.0
100.0,0.0,1635000.0,847000.0,1.93,no_additive,0.0,no_additive,0.0,,,,,-3.08,91.54,163.3,227.84,70.64,
0.0,100.0,1056000.0,815000.0,1.3,no_additive,0.0,no_additive,0.0,,,,,-15.09,58.37,112.27,231.43,73.31,
100.0,0.0,153000.0,46363.63636363637,3.3,no_additive,0.0,no_additive,0.0,,,,,7.9,,169.0,,54.5,
100.0,0.0,505000.0,270000.0,1.87,no_additive,0.0,no_additive,0.0,,192.0,24.0,4.0,2.5,,170.0,290.0,66.2,47.3
100.0,0.0,226000.0,200000.0,1.13,no_additive,0.0,no_additive,0.0,,,,,2.5,,171.0,258.0,77.0,
0.0,100.0,230000.0,62000.0,3.52,no_additive,0.0,no_additive,0.0,,,,,-15.8,,103.0,265.0,47.0,
100.0,0.0,2200000.0,640000.0,3.44,no_additive,0.0,no_additive,0.0,,,,,4.0,,175.0,,,
87.0,13.0,1800000.0,690000.0,2.61,no_additive,0.0,no_additive,0.0,,,,,-11.0,,173.0,,,
100.0,0.0,768000.0,404210.5263157895,1.9,no_additive,0.0,no_additive,0.0,,,,,4.0,,177.0,,97.0,60.0
55.0,45.0,960000.0,400000.0,2.4,no_additive,0.0,no_additive,0.0,,,,,-10.0,,138.0,,,
29.0,71.0,508000.0,254000.0,2.0,no_additive,0.0,no_additive,0.0,,,,,-13.0,,75.0,,,
76.0,24.0,262200.0,138000.0,1.9,no_additive,0.0,no_additive,0.0,,,,,-6.0,,87.0,,,
100.0,0.0,1407600.0,782000.0,1.8,no_additive,0.0,no_additive,0.0,,3500.0,40.0,0.4,10.0,,177.0,,,
54.0,46.0,450000.0,200000.0,2.3,no_additive,0.0,no_additive,0.0,,,,,-10.3,,77.5,,19.0,
32.0,68.0,410000.0,210000.0,2.0,no_additive,0.0,no_additive,0.0,,,,,-11.8,,88.8,,49.7,
100.0,0.0,3581760.0,1148000.0,3.12,no_additive,0.0,no_additive,0.0,,,,,3.0,48.9,176.7,,83.5,
100.0,0.0,3173120.0,1072000.0,2.96,no_additive,0.0,no_additive,0.0,,,,,3.0,55.2,177.3,,85.6,
36.0,64.0,3526400.0,1102000.0,3.2,no_additive,0.0,no_additive,0.0,,,,,-13.0,,77.7,,21.8,
84.0,16.0,2608640.0,1019000.0,2.56,no_additive,0.0,no_additive,0.0,,,,,3.0,58.9,171.1,,61.4,
12.0,88.0,4252800.0,1329000.0,3.2,no_additive,0.0,no_additive,0.0,,,,,-14.0,52.4,99.7,,43.7,
57.0,43.0,3909760.0,1312000.0,2.98,no_additive,0.0,no_additive,0.0,,,,,2.0,,148.3,,4.5,
8.0,92.0,5240400.0,1985000.0,2.64,no_additive,0.0,no_additive,0.0,,,,,-15.0,50.7,102.9,,49.8,
44.0,56.0,3452680.0,1121000.0,3.08,no_additive,0.0,no_additive,0.0,,,,,-1.0,,99.5,,0.5,
5.0,95.0,4849680.0,2004000.0,2.42,no_additive,0.0,no_additive,0.0,,,,,-15.0,44.9,104.8,,54.5,
35.0,65.0,2774440.0,998000.0,2.78,no_additive,0.0,no_additive,0.0,,,,,-4.0,,99.2,,0.9,
100.0,0.0,3619980.0,1183000.0,3.06,no_additive,0.0,no_additive,0.0,,,,,3.0,47.1,176.6,,83.1,
100.0,0.0,2964960.0,1044000.0,2.84,no_additive,0.0,no_additive,0.0,,,,,3.0,52.2,176.0,,84.2,
27.0,73.0,3324590.0,1069000.0,3.11,no_additive,0.0,no_additive,0.0,,,,,-11.0,,80.8,,48.5,
88.0,12.0,2542000.0,1025000.0,2.48,no_additive,0.0,no_additive,0.0,,,,,3.0,57.7,168.7,,67.9,
12.0,88.0,3857189.9999999995,1273000.0,3.03,no_additive,0.0,no_additive,0.0,,,,,-14.0,49.1,100.0,,47.3,
62.0,38.0,3733880.0,1292000.0,2.89,no_additive,0.0,no_additive,0.0,,,,,1.0,62.4,151.2,,2.4,
8.0,92.0,4997200.0,2015000.0,2.48,no_additive,0.0,no_additive,0.0,,,,,-15.0,42.1,101.8,,48.7,
37.0,63.0,3286080.0,1141000.0,2.88,no_additive,0.0,no_additive,0.0,,,,,-1.0,,102.1,,2.8,
6.0,94.0,4853310.0,2101000.0,2.31,no_additive,0.0,no_additive,0.0,,,,,-15.0,43.1,103.1,,47.5,
24.0,76.0,2930370.0,1007000.0,2.91,no_additive,0.0,no_additive,0.0,,,,,-3.0,,103.4,,1.2,
68.0,32.0,550000.0,392857.1428571429,1.4,no_additive,0.0,no_additive,0.0,,,,,-6.6,,99.0,,,9.0
65.0,35.0,290000.0,51785.71428571429,5.6,no_additive,0.0,no_additive,0.0,,,,,-9.7,,105.0,,,34.0
70.0,30.0,250000.0,86206.89655172414,2.9,no_additive,0.0,no_additive,0.0,,,,,-3.9,,106.0,,,28.0
71.0,29.0,410000.0,292857.1428571429,1.4,no_additive,0.0,no_additive,0.0,,,,,-3.7,,112.0,,,5.0
13.1,86.9,3580000.0,1460000.0,2.45,no_additive,0.0,no_additive,0.0,,369.9,9.0,23.7,-9.9,,102.3,226.9,,
0.5,99.5,1690000.0,780000.0,2.17,no_additive,0.0,no_additive,0.0,,324.3,7.9,13.2,-17.8,56.0,108.0,253.6,,
79.4,20.599999999999994,3400000.0,1370000.0,2.48,no_additive,0.0,no_additive,0.0,,583.3,14.4,8.4,-0.5,64.7,128.4,245.0,,
28.5,71.5,3070000.0,1260000.0,2.44,no_additive,0.0,no_additive,0.0,,336.5,9.8,6.1,-9.6,,73.7,232.6,,
55.6,44.4,2710000.0,1540000.0,1.76,no_additive,0.0,no_additive,0.0,,198.0,6.4,7.9,-5.5,,84.3,267.4,,
97.5,2.5,1120000.0,1051000.0,1.07,no_additive,0.0,no_additive,0.0,,,,,2.2,,177.8,,,66.4
97.4,2.5999999999999943,1732000.0,1451000.0,1.2,no_additive,0.0,no_additive,0.0,,,,,3.4,,175.9,,,67.8
72.6,27.4,125330.0,61470.0,2.0388807548397594,no_additive,0.0,no_additive,0.0,,,,,-7.18,79.39,131.77,,,29.34
70.8,29.2,337979.0,105252.0,3.211140880933379,no_additive,0.0,no_additive,0.0,,,,,-3.12,70.74,135.67,,,28.34
77.5,22.5,80509.0,35575.0,2.2630780042164442,no_additive,0.0,no_additive,0.0,,,,,-3.25,78.56,131.52,,,32.16
79.7,20.3,250588.0,76752.0,3.2649051490514904,no_additive,0.0,no_additive,0.0,,,,,-6.87,62.4,134.73,,,24.0
86.2,13.8,170849.0,54624.0,3.1277277387229057,no_additive,0.0,no_additive,0.0,,,,,-4.86,68.67,137.89,,,31.51
64.93506493506493,35.064935064935064,115908.0,50442.0,2.297847032235042,no_additive,0.0,no_additive,0.0,,,,,-7.39,81.49,130.21,,,8.73
72.6027397260274,27.397260273972602,176394.0,66464.0,2.653978093403948,no_additive,0.0,no_additive,0.0,,,,,-6.25,74.76,131.4,,,28.59
75.11520737327189,24.884792626728114,345465.0,140753.0,2.4544059451663554,no_additive,0.0,no_additive,0.0,,,,,-4.35,70.65,135.92,,,23.16
74.5995423340961,25.400457665903893,365390.0,145918.0,2.5040776326429914,no_additive,0.0,no_additive,0.0,,,,,-1.7,69.9,140.09,,,16.35
79.71698113207547,20.283018867924525,232746.0,73183.0,3.180328764877089,no_additive,0.0,no_additive,0.0,,,,,-6.51,62.47,135.32,,,25.24
79.76190476190476,20.238095238095237,268430.0,80321.0,3.341965363977042,no_additive,0.0,no_additive,0.0,,,,,-7.22,62.33,134.14,,,22.76
77.0935960591133,22.9064039408867,156576.0,52063.0,3.0074333019610857,no_additive,0.0,no_additive,0.0,,,,,-5.27,76.79,137.02,,,28.31
84.42622950819673,15.573770491803279,372673.0,125268.0,2.9750055880192865,no_additive,0.0,no_additive,0.0,,,,,-4.55,80.69,135.74,,,19.13
77.58620689655172,22.413793103448278,278082.0,79241.0,3.5093196703726606,no_additive,0.0,no_additive,0.0,,,,,-2.93,73.95,135.89,,,26.2
100.0,0.0,800000.0,,,no_additive,0.0,no_additive,0.0,,,,,,,179.0,,97.0,67.0
87.0,13.0,420000.0,,,no_additive,0.0,no_additive,0.0,,,,,,96.0,155.0,236.0,,48.0
87.0,13.0,420000.0,,,reinforcment_and_stiffening_modifiers,0.5,no_additive,0.0,,,,,,97.0,157.0,,,46.0
87.0,13.0,420000.0,,,reinforcment_and_stiffening_modifiers,1.0,no_additive,0.0,,,,,,98.0,157.0,253.0,,46.0
87.0,13.0,420000.0,,,reinforcment_and_stiffening_modifiers,2.0,no_additive,0.0,,,,,,92.0,157.0,257.0,,46.0
87.0,13.0,420000.0,,,reinforcment_and_stiffening_modifiers,5.0,no_additive,0.0,,,,,,94.0,157.0,262.0,,47.0
87.0,13.0,420000.0,,,reinforcment_and_stiffening_modifiers,10.0,no_additive,0.0,,,,,,102.0,157.0,265.0,,47.0
98.0,2.0,340000.0,,,no_additive,0.0,no_additive,0.0,,,,,,118.0,165.0,258.0,,68.0
98.0,2.0,340000.0,,,reinforcment_and_stiffening_modifiers,3.0,no_additive,0.0,,,,,,119.0,165.0,261.0,,71.0
98.0,2.0,340000.0,,,reinforcment_and_stiffening_modifiers,3.0,no_additive,0.0,,,,,,119.0,161.0,267.0,,69.0
98.0,2.0,340000.0,,,reinforcment_and_stiffening_modifiers,3.0,no_additive,0.0,,,,,,119.0,165.0,259.0,,67.0
100.0,0.0,1020000.0,510000.0,2.0,no_additive,0.0,no_additive,0.0,,,43.0,5.0,4.0,,177.0,,,60.0
100.0,0.0,,,,no_additive,0.0,no_additive,0.0,,3500.0,40.0,5.0,4.0,,179.0,,,
97.0,3.0,,,,no_additive,0.0,no_additive,0.0,,2900.0,38.0,,,,170.0,,,
91.0,9.0,,,,no_additive,0.0,no_additive,0.0,,1900.0,37.0,,,,162.0,,,
86.0,14.0,,,,no_additive,0.0,no_additive,0.0,,1500.0,35.0,,,,150.0,,,
80.0,20.0,,,,no_additive,0.0,no_additive,0.0,,1200.0,32.0,,,,145.0,,,
25.0,75.0,,,,no_additive,0.0,no_additive,0.0,,700.0,30.0,,,,137.0,,,
100.0,0.0,,,,no_additive,0.0,no_additive,0.0,,,45.0,4.0,9.0,,175.0,,,
11.0,89.0,,,,no_additive,0.0,no_additive,0.0,,,38.0,5.0,2.0,,157.0,,,
20.0,80.0,,,,no_additive,0.0,no_additive,0.0,,,26.0,27.0,-5.0,,114.0,,,
28.0,72.0,,,,no_additive,0.0,no_additive,0.0,,,21.0,700.0,-8.0,,102.0,,,
34.0,66.0,,,,no_additive,0.0,no_additive,0.0,,,18.0,970.0,-9.0,,97.0,,,
97.0,3.0,400000.0,,,no_additive,0.0,no_additive,0.0,,106.7,,64.7,,,,,,
,,,,,no_additive,0.0,no_additive,0.0,,,,,,,,,,
,,,,,no_additive,0.0,no_additive,0.0,,,,,,,,,,
,,,,,no_additive,0.0,no_additive,0.0,,,,,,,,,,
88.0,12.0,,,,no_additive,0.0,no_additive,0.0,,,94.0,,,,,,,
88.0,12.0,,,,reinforcment_and_stiffening_modifiers,0.3,no_additive,0.0,,,254.0,,,,,,,
88.0,12.0,,,,reinforcment_and_stiffening_modifiers,0.3,no_additive,0.0,,,241.0,,,,,,,
97.0,3.0,,,,no_additive,0.0,no_additive,0.0,,108.0,,,,,,,,
97.0,3.0,,,,biofunctional_and_enviromental_additives,25.0,no_additive,0.0,,83.61,,,,,,,,
97.0,3.0,,,,biofunctional_and_enviromental_additives,50.0,no_additive,0.0,,70.55,,,,,,,,
88.0,12.0,,,,no_additive,10.0,no_additive,0.0,,,,,,104.0,154.6,,77.0,72.6
100.0,0.0,1170000.0,650000.0,1.8,no_additive,0.0,no_additive,0.0,,,,,4.0,,178.0,,91.0,
98.0,2.0,,,,no_additive,0.0,no_additive,0.0,,2160.0,,,,,,,,55.9
100.0,0.0,440000.0,260000.0,1.6923076923076923,no_additive,0.0,no_additive,0.0,,,,,3.0,,172.0,,92.0,63.0
100.0,0.0,440000.0,260000.0,1.6923076923076923,reinforcment_and_stiffening_modifiers,10.0,no_additive,0.0,,,,,7.0,,174.0,,90.0,61.0
100.0,0.0,440000.0,260000.0,1.6923076923076923,reinforcment_and_stiffening_modifiers,20.0,no_additive,0.0,,,,,9.0,,173.0,,85.0,58.0
100.0,0.0,440000.0,260000.0,1.6923076923076923,reinforcment_and_stiffening_modifiers,40.0,no_additive,0.0,,,,,15.0,,170.0,,78.0,53.0
100.0,0.0,440000.0,260000.0,1.6923076923076923,reinforcment_and_stiffening_modifiers,50.0,no_additive,0.0,,,,,18.0,,167.0,,34.0,23.0
17.0,83.0,2270000.0,800000.0,2.8375,no_additive,0.0,no_additive,0.0,,,,,-9.3,,91.6,,59.8,
100.0,0.0,,,,no_additive,0.0,no_additive,0.0,,,,,,107.4,172.4,274.6,64.8,41.6
100.0,0.0,,,,reinforcment_and_stiffening_modifiers,0.5,no_additive,0.0,,,,,,108.6,174.1,276.5,57.4,35.4
100.0,0.0,,,,reinforcment_and_stiffening_modifiers,2.0,no_additive,0.0,,,,,,109.5,176.2,272.6,66.1,40.1
100.0,0.0,,,,reinforcment_and_stiffening_modifiers,0.5,no_additive,0.0,,,,,,108.3,174.5,273.4,64.8,41.7
100.0,0.0,,,,reinforcment_and_stiffening_modifiers,2.0,no_additive,0.0,,,,,,108.1,175.4,278.2,65.4,38.5
100.0,0.0,,,,reinforcment_and_stiffening_modifiers,0.5,no_additive,0.0,,,,,,107.6,176.1,273.9,61.6,38.1
100.0,0.0,,,,reinforcment_and_stiffening_modifiers,2.0,no_additive,0.0,,,,,,109.5,174.5,275.8,65.8,39.5
96.6,3.4,,,,no_additive,0.0,no_additive,0.0,,,,,,85.0,171.0,,60.5,41.0
96.6,3.4,,,,reinforcment_and_stiffening_modifiers,3.0,no_additive,0.0,,,,,,85.0,170.0,,76.0,54.0
96.6,3.4,,,,plasticizers_and_flexibility_enhancers,10.0,no_additive,0.0,,,,,,87.0,164.0,,77.0,59.0
96.6,3.4,,,,plasticizers_and_flexibility_enhancers,10.0,reinforcment_and_stiffening_modifiers,3.0,,,,,,84.0,160.0,,85.9,68.0
96.6,3.4,,,,plasticizers_and_flexibility_enhancers,10.0,no_additive,0.0,,,,,,64.0,174.0,,60.5,46.0
96.6,3.4,,,,plasticizers_and_flexibility_enhancers,10.0,reinforcment_and_stiffening_modifiers,3.0,,,,,,74.0,148.0,,76.7,60.0
96.6,3.4,,,,plasticizers_and_flexibility_enhancers,10.0,no_additive,0.0,,,,,,81.0,172.0,,90.6,69.0
96.6,3.4,,,,plasticizers_and_flexibility_enhancers,10.0,reinforcment_and_stiffening_modifiers,3.0,,,,,,84.0,172.0,,84.2,66.0
98.0,2.0,,,,no_additive,0.0,no_additive,0.0,,,,,,91.0,166.0,,77.17,52.0
98.0,2.0,,,,plasticizers_and_flexibility_enhancers,10.0,no_additive,0.0,,,,,,80.0,158.0,,77.01,52.0
98.0,2.0,,,,reinforcment_and_stiffening_modifiers,3.0,no_additive,0.0,,,,,,92.0,164.0,,76.79,51.0
98.0,2.0,,,,reinforcment_and_stiffening_modifiers,3.0,plasticizers_and_flexibility_enhancers,10.0,,,,,,73.0,156.0,,76.52,51.0
90.0,10.0,,,,no_additive,0.0,no_additive,0.0,,,,,,93.0,155.0,,85.63,79.0
90.0,10.0,,,,plasticizers_and_flexibility_enhancers,10.0,no_additive,0.0,,,,,-9.0,66.0,143.0,,72.51,66.0
90.0,10.0,,,,reinforcment_and_stiffening_modifiers,3.0,no_additive,0.0,,,,,,80.0,150.0,,73.71,67.0
90.0,10.0,,,,reinforcment_and_stiffening_modifiers,3.0,plasticizers_and_flexibility_enhancers,10.0,,,,,,67.0,143.0,,66.49,61.0
82.0,18.0,,,,no_additive,0.0,no_additive,0.0,10.0,600.0,21.0,,-0.8,81.0,147.0,,53.35,49.0
82.0,18.0,,,,plasticizers_and_flexibility_enhancers,10.0,no_additive,0.0,10.0,280.0,13.3,30.0,-11.0,93.0,146.0,,49.5,45.0
82.0,18.0,,,,reinforcment_and_stiffening_modifiers,3.0,no_additive,0.0,10.0,780.0,21.5,,-4.0,94.0,147.0,,54.49,50.0
82.0,18.0,,,,reinforcment_and_stiffening_modifiers,3.0,plasticizers_and_flexibility_enhancers,10.0,10.0,400.0,14.8,,-18.0,99.0,147.0,,44.5,41.0
94.0,6.0,680000.0,,,no_additive,0.0,no_additive,0.0,5.0,458.9512199999999,25.49729,5.3,,28.5,161.0,,65.9,
94.0,6.0,680000.0,,,plasticizers_and_flexibility_enhancers,5.0,no_additive,0.0,5.0,365.78804499999995,21.57463,5.2,,36.6,160.5,,56.1,
94.0,6.0,680000.0,,,plasticizers_and_flexibility_enhancers,10.0,no_additive,0.0,5.0,357.942725,13.729309999999998,4.3,,39.6,158.2,,58.1,
94.0,6.0,680000.0,,,plasticizers_and_flexibility_enhancers,20.0,no_additive,0.0,5.0,375.59469499999994,11.76798,3.4,,41.7,161.6,,64.5,
94.0,6.0,680000.0,,,plasticizers_and_flexibility_enhancers,30.0,no_additive,0.0,5.0,367.749375,12.748645,2.9,,48.7,158.9,,67.0,
94.0,6.0,680000.0,,,plasticizers_and_flexibility_enhancers,5.0,no_additive,0.0,5.0,347.15540999999996,23.53596,6.5,,36.2,160.5,,63.6,
94.0,6.0,680000.0,,,plasticizers_and_flexibility_enhancers,10.0,no_additive,0.0,5.0,305.96747999999997,20.593965,6.9,,34.8,160.3,,68.0,
94.0,6.0,680000.0,,,plasticizers_and_flexibility_enhancers,20.0,no_additive,0.0,5.0,261.83755499999995,16.671305,7.2,,39.0,159.5,,61.6,
94.0,6.0,680000.0,,,plasticizers_and_flexibility_enhancers,30.0,no_additive,0.0,5.0,202.99765499999998,7.84532,7.5,,41.6,159.6,,56.3,
100.0,0.0,,,,no_additive,0.0,no_additive,0.0,10.0,3400.0,37.6,4.9,0.6,,174.0,,88.6,60.7
88.0,12.0,,,,no_additive,0.0,no_additive,0.0,10.0,1200.0,29.5,75.6,-3.8,,168.0,,76.8,52.6
75.0,25.0,,,,no_additive,0.0,no_additive,0.0,10.0,600.0,18.1,87.2,-5.5,,155.0,,67.3,46.1
83.0,17.0,2800000.0,1960000.0,1.43,no_additive,0.0,no_additive,0.0,,1120.0,12.3,,-0.7,61.8,126.1,318.0,,
81.0,19.0,867000.0,798000.0,1.09,no_additive,0.0,no_additive,0.0,,830.0,13.7,,-3.5,107.1,150.9,329.0,,
79.0,21.0,696000.0,645000.0,1.08,no_additive,0.0,no_additive,0.0,,870.0,12.7,,-5.3,104.8,159.7,325.0,,
75.0,25.0,854000.0,752000.0,1.14,no_additive,0.0,no_additive,0.0,,570.0,12.2,,-7.4,80.0,153.8,325.0,,
77.0,23.0,845000.0,796000.0,1.06,no_additive,0.0,no_additive,0.0,,670.0,13.2,,-1.6,64.2,128.6,320.0,,
95.0,5.0,,,,no_additive,0.0,no_additive,0.0,,2610.0,,2.6,5.0,121.9,173.1,,99.9,69.9
98.66,1.34,715166.0,236211.0,3.0276574757314436,no_additive,0.0,no_additive,0.0,,,,,,79.82,169.8,232.0,,
98.66,1.34,715166.0,236211.0,3.0276574757314436,reinforcment_and_stiffening_modifiers,1.0,no_additive,0.0,,,,,,77.76,169.35,227.0,,
98.66,1.34,715166.0,236211.0,3.0276574757314436,reinforcment_and_stiffening_modifiers,3.0,no_additive,0.0,,,,,,77.39,169.56,216.0,,
97.5,2.5,280000.0,,,no_additive,0.0,no_additive,0.0,,1252.0,18.1,2.0,,,,276.6,,
97.5,2.5,280000.0,,,biofunctional_and_enviromental_additives,2.5,no_additive,0.0,,2884.0,20.6,2.1,,,,264.2,,
97.5,2.5,280000.0,,,biofunctional_and_enviromental_additives,5.0,no_additive,0.0,,2632.0,21.3,2.2,,,,265.0,,
97.5,2.5,280000.0,,,biofunctional_and_enviromental_additives,10.0,no_additive,0.0,,2261.0,28.3,2.4,,,,245.8,,
97.5,2.5,280000.0,,,biofunctional_and_enviromental_additives,15.0,no_additive,0.0,,1897.0,26.5,2.5,,,,160.8,,
100.0,0.0,825000.0,330000.0,2.5,no_additive,0.0,no_additive,0.0,5.0,1510.4,14.0,2.5,6.1,,169.0,,,
100.0,0.0,825000.0,330000.0,2.5,plasticizers_and_flexibility_enhancers,25.0,no_additive,0.0,5.0,592.7,7.5,7.5,-4.2,41.8,164.2,,,
100.0,0.0,825000.0,330000.0,2.5,plasticizers_and_flexibility_enhancers,30.0,no_additive,0.0,5.0,374.1,6.3,6.3,-3.6,43.5,163.5,,,
100.0,0.0,825000.0,330000.0,2.5,plasticizers_and_flexibility_enhancers,35.0,no_additive,0.0,5.0,458.9,5.1,5.1,-2.8,44.5,164.6,,,
100.0,0.0,825000.0,330000.0,2.5,plasticizers_and_flexibility_enhancers,40.0,no_additive,0.0,5.0,402.8,4.5,4.5,-2.8,44.3,164.9,,,
100.0,0.0,825000.0,330000.0,2.5,plasticizers_and_flexibility_enhancers,50.0,no_additive,0.0,5.0,,,,-2.4,41.4,165.4,,,
100.0,0.0,825000.0,330000.0,2.5,plasticizers_and_flexibility_enhancers,10.0,no_additive,0.0,5.0,592.7,14.3,3.9,-9.8,27.6,162.9,,,
100.0,0.0,825000.0,330000.0,2.5,plasticizers_and_flexibility_enhancers,20.0,no_additive,0.0,5.0,374.1,10.2,4.3,-28.5,20.0,159.6,,,
100.0,0.0,825000.0,330000.0,2.5,plasticizers_and_flexibility_enhancers,25.0,no_additive,0.0,5.0,458.9,9.5,5.4,-29.7,17.6,158.3,,,
100.0,0.0,825000.0,330000.0,2.5,plasticizers_and_flexibility_enhancers,30.0,no_additive,0.0,5.0,402.8,6.1,5.2,-30.7,15.5,156.8,,,
100.0,0.0,223000.0,181300.8130081301,1.23,no_additive,0.0,no_additive,0.0,,,,,3.8,46.6,,,83.3,
100.0,0.0,223000.0,181300.8130081301,1.23,reinforcment_and_stiffening_modifiers,30.0,no_additive,0.0,,,,,4.6,46.7,,,83.1,
100.0,0.0,223000.0,181300.8130081301,1.23,reinforcment_and_stiffening_modifiers,30.0,no_additive,0.0,,,,,3.8,41.6,,,83.7,
100.0,0.0,223000.0,181300.8130081301,1.23,reinforcment_and_stiffening_modifiers,30.0,no_additive,0.0,,,,,4.7,41.2,,,82.3,
100.0,0.0,223000.0,181300.8130081301,1.23,reinforcment_and_stiffening_modifiers,30.0,no_additive,0.0,,,,,5.4,,,,84.2,
100.0,0.0,223000.0,181300.8130081301,1.23,reinforcment_and_stiffening_modifiers,30.0,no_additive,0.0,,,,,5.9,,,,80.5,
98.0,2.0,280000.0,,,no_additive,0.0,no_additive,0.0,12.5,2613.5,27.4,1.37,-1.73,78.65,170.53,277.5,95.81,65.35
98.0,2.0,280000.0,,,reinforcment_and_stiffening_modifiers,2.5,no_additive,0.0,12.5,2684.9,22.2,1.09,-1.62,82.26,167.8,280.42,91.61,65.78
98.0,2.0,280000.0,,,reinforcment_and_stiffening_modifiers,5.0,no_additive,0.0,12.5,2746.5,21.6,0.92,-1.73,76.4,168.81,282.92,95.09,68.28
98.0,2.0,280000.0,,,reinforcment_and_stiffening_modifiers,10.0,no_additive,0.0,12.5,2873.1,20.1,0.78,-1.71,75.59,169.06,288.75,84.45,64.01
98.0,2.0,280000.0,,,reinforcment_and_stiffening_modifiers,1.0,no_additive,0.0,12.5,2670.2,27.3,1.27,-1.72,73.07,168.16,227.08,91.92,63.34
98.0,2.0,280000.0,,,reinforcment_and_stiffening_modifiers,1.0,reinforcment_and_stiffening_modifiers,0.25,12.5,2710.9,27.6,1.29,-1.73,77.07,166.31,256.25,90.95,62.85
98.0,2.0,280000.0,,,reinforcment_and_stiffening_modifiers,4.98,reinforcment_and_stiffening_modifiers,0.96,12.5,2863.1,27.8,0.91,-1.77,76.9,167.4,274.17,93.66,67.25
100.0,0.0,,,,no_additive,0.0,no_additive,0.0,,,,,,,172.05,249.6,89.7,61.44
84.0,16.0,,,,no_additive,0.0,no_additive,0.0,,,,,,,150.18,266.6,73.5,50.34
47.0,53.0,,,,no_additive,0.0,no_additive,0.0,,,,,,,101.93,252.3,75.8,51.92
91.0,9.0,23900.0,7587.3015873015875,3.15,no_additive,0.0,no_additive,0.0,10.0,388.27,21.58,4.83,,74.6,173.1,,,65.4
91.0,9.0,23900.0,7587.3015873015875,3.15,reinforcment_and_stiffening_modifiers,0.1,no_additive,0.0,10.0,349.45,21.3,5.71,,81.7,171.1,,,64.3
91.0,9.0,23900.0,7587.3015873015875,3.15,reinforcment_and_stiffening_modifiers,0.3,no_additive,0.0,10.0,291.6,21.44,6.78,,83.7,170.7,,,67.2
91.0,9.0,23900.0,7587.3015873015875,3.15,reinforcment_and_stiffening_modifiers,0.5,no_additive,0.0,10.0,377.18,29.29,7.72,,82.5,169.4,,,69.0
91.0,9.0,23900.0,7587.3015873015875,3.15,reinforcment_and_stiffening_modifiers,1.0,no_additive,0.0,10.0,348.65,28.57,7.69,,83.4,170.1,,,69.5
91.0,9.0,23900.0,7587.3015873015875,3.15,reinforcment_and_stiffening_modifiers,3.0,no_additive,0.0,10.0,311.41,23.91,6.99,,82.9,169.7,,,67.5
100.0,0.0,490000.0,,,plasticizers_and_flexibility_enhancers,10.0,no_additive,0.0,,,,,-13.4,85.7,161.3,215.7,86.0,58.9
100.0,0.0,490000.0,,,plasticizers_and_flexibility_enhancers,10.0,reinforcment_and_stiffening_modifiers,2.0,,,,,-9.0,86.8,161.1,219.3,87.9,61.4
100.0,0.0,490000.0,,,plasticizers_and_flexibility_enhancers,10.0,reinforcment_and_stiffening_modifiers,5.0,,,,,-10.1,87.5,161.8,226.5,83.7,60.4
100.0,0.0,490000.0,,,plasticizers_and_flexibility_enhancers,10.0,reinforcment_and_stiffening_modifiers,10.0,,,,,-6.3,83.8,161.2,229.3,84.5,64.3
100.0,0.0,490000.0,,,plasticizers_and_flexibility_enhancers,20.0,reinforcment_and_stiffening_modifiers,5.0,,,,,-21.0,77.0,155.5,203.0,79.0,63.6
100.0,0.0,,,,no_additive,0.0,no_additive,0.0,10.0,3800.0,30.2,4.9,0.9,,175.0,,,
84.0,16.0,,,,no_additive,0.0,no_additive,0.0,10.0,1200.0,26.5,72.1,-2.2,,154.2,,,
78.0,22.0,,,,no_additive,0.0,no_additive,0.0,10.0,800.0,21.5,85.1,-4.3,,148.8,,,
100.0,0.0,,,,no_additive,0.0,no_additive,0.0,10.0,3500.0,40.0,5.0,2.5,,180.0,,,
86.0,14.0,,,,no_additive,0.0,no_additive,0.0,10.0,1500.0,35.0,20.0,-4.0,,150.0,,,
75.0,25.0,,,,no_additive,0.0,no_additive,0.0,10.0,700.0,30.0,,-6.0,,137.0,,,
94.0,6.0,680000.0,,,no_additive,0.0,no_additive,0.0,,343.23274999999995,,49.033249999999995,-6.6,28.5,161.0,,69.0,
94.0,6.0,680000.0,,,plasticizers_and_flexibility_enhancers,20.0,no_additive,0.0,,117.67979999999999,,29.419949999999996,-3.4,41.7,161.6,,64.5,
94.0,6.0,680000.0,,,plasticizers_and_flexibility_enhancers,20.0,no_additive,0.0,,186.32635,,68.64654999999999,-19.0,39.0,159.5,,61.6,
94.0,6.0,680000.0,,,plasticizers_and_flexibility_enhancers,20.0,no_additive,0.0,,137.29309999999998,,95.6148375,-28.5,17.3,152.7,,59.1,
94.0,6.0,680000.0,,,plasticizers_and_flexibility_enhancers,20.0,no_additive,0.0,,127.48644999999999,,95.6148375,-30.0,22.9,144.4,,53.0,
93.0,7.0,4400000.0,2750000.0,1.6,no_additive,0.0,no_additive,0.0,20.0,1180.0,210.9,49.5,,,170.0,,,
93.0,7.0,4400000.0,2750000.0,1.6,no_additive,0.0,no_additive,0.0,20.0,1260.0,253.7,30.0,,,170.0,,,60.9
93.0,7.0,4400000.0,2750000.0,1.6,no_additive,0.0,no_additive,0.0,20.0,1230.0,245.9,37.6,,,170.0,,,63.7
93.0,7.0,4400000.0,2750000.0,1.6,no_additive,0.0,no_additive,0.0,20.0,900.0,258.7,49.4,,,170.0,,,60.8
93.0,7.0,4400000.0,2750000.0,1.6,no_additive,0.0,no_additive,0.0,20.0,1080.0,201.2,54.8,,,170.0,,,60.6
100.0,0.0,760000.0,250000.0,3.04,no_additive,0.0,no_additive,0.0,,54.7,1.45,9.6,3.2,,150.0,235.0,86.9,59.5
100.0,0.0,760000.0,250000.0,3.04,reinforcment_and_stiffening_modifiers,1.0,no_additive,0.0,,106.7,4.37,47.2,9.3,,152.0,249.0,84.5,58.4
100.0,0.0,760000.0,250000.0,3.04,reinforcment_and_stiffening_modifiers,2.0,no_additive,0.0,,84.6,5.61,93.5,2.1,,156.0,235.0,85.8,46.2
100.0,0.0,760000.0,250000.0,3.04,reinforcment_and_stiffening_modifiers,5.0,no_additive,0.0,,77.8,4.89,44.7,1.9,,152.0,238.0,81.2,49.3
100.0,0.0,760000.0,250000.0,3.04,reinforcment_and_stiffening_modifiers,10.0,no_additive,0.0,,58.8,2.76,25.3,-2.3,,146.0,241.0,71.4,33.3
100.0,0.0,760000.0,250000.0,3.04,reinforcment_and_stiffening_modifiers,20.0,no_additive,0.0,,86.4,3.64,16.5,-1.0,,147.0,230.0,69.7,27.1
89.8,10.2,670000.0,152968.03652968036,4.38,no_additive,0.0,no_additive,0.0,10.0,472.0,29.0,17.4,-1.0,75.0,169.0,,41.9,
81.9,18.1,560000.0,141772.15189873418,3.95,no_additive,0.0,no_additive,0.0,10.0,286.0,28.7,,-3.0,80.0,161.0,,35.3,
92.5,7.5,690000.0,158256.88073394494,4.36,no_additive,0.0,no_additive,0.0,10.0,272.0,19.0,13.6,-3.0,70.0,174.0,,68.7,
92.7,7.3,710000.0,191891.8918918919,3.7,no_additive,0.0,no_additive,0.0,,,,,,60.0,172.0,,63.3,
48.0,52.0,,,,no_additive,0.0,no_additive,0.0,,,,,,,124.0,274.0,,
58.0,42.0,,,,no_additive,0.0,no_additive,0.0,,,,,,,129.0,266.0,,
42.0,58.0,,,,no_additive,0.0,no_additive,0.0,,,,,,,122.0,279.0,,
51.0,49.0,,,,no_additive,0.0,no_additive,0.0,,,,,,,126.0,261.0,,
100.0,0.0,,,,no_additive,0.0,no_additive,0.0,,,,,,,,287.0,,
100.0,0.0,426000.0,,,no_additive,0.0,no_additive,0.0,5.0,1871.0,,9.7,,,174.8,246.7,75.8,51.9
100.0,0.0,426000.0,,,plasticizers_and_flexibility_enhancers,5.0,no_additive,0.0,5.0,1407.0,,12.8,,,172.5,272.3,65.3,47.0
100.0,0.0,426000.0,,,plasticizers_and_flexibility_enhancers,10.0,no_additive,0.0,5.0,1349.0,,13.6,,,171.2,274.7,61.4,46.3
100.0,0.0,426000.0,,,plasticizers_and_flexibility_enhancers,5.0,no_additive,0.0,5.0,1534.0,,9.1,,,172.7,277.0,66.1,47.5
100.0,0.0,426000.0,,,plasticizers_and_flexibility_enhancers,10.0,no_additive,0.0,5.0,1475.0,,8.8,,,172.2,272.3,63.3,47.7
100.0,0.0,426000.0,,,plasticizers_and_flexibility_enhancers,15.0,no_additive,0.0,5.0,1323.0,,12.0,,,,,,
100.0,0.0,426000.0,,,plasticizers_and_flexibility_enhancers,20.0,no_additive,0.0,5.0,1328.0,,8.2,,,,,,
100.0,0.0,426000.0,,,plasticizers_and_flexibility_enhancers,15.0,no_additive,0.0,5.0,1393.0,,8.4,,,,,,
100.0,0.0,426000.0,,,plasticizers_and_flexibility_enhancers,20.0,no_additive,0.0,5.0,1356.0,,8.6,,,,,,
93.0,7.0,296000.0,,,no_additive,0.0,no_additive,0.0,10.0,1009.0,,11.4,,,152.6,235.0,64.6,
93.0,7.0,296000.0,,,plasticizers_and_flexibility_enhancers,50.0,no_additive,0.0,,,,,,,150.6,158.0,71.7,
93.0,7.0,296000.0,,,plasticizers_and_flexibility_enhancers,50.0,no_additive,0.0,,,,,,,153.4,163.0,77.7,
93.0,7.0,296000.0,,,plasticizers_and_flexibility_enhancers,50.0,no_additive,0.0,,,,,,,150.2,227.0,74.5,
93.0,7.0,296000.0,,,plasticizers_and_flexibility_enhancers,30.0,no_additive,0.0,10.0,511.0,,10.0,,,,,,
93.0,7.0,296000.0,,,plasticizers_and_flexibility_enhancers,30.0,no_additive,0.0,10.0,493.0,,6.4,,,,,,
93.0,7.0,296000.0,,,plasticizers_and_flexibility_enhancers,30.0,no_additive,0.0,10.0,390.0,,4.8,,,,,,
100.0,0.0,,,,no_additive,0.0,no_additive,0.0,1.0,2500.0,18.5,,,,174.7,,45.1,30.9
100.0,0.0,,,,reinforcment_and_stiffening_modifiers,10.0,no_additive,0.0,1.0,2600.0,17.9,,,,174.7,,39.1,29.7
100.0,0.0,,,,reinforcment_and_stiffening_modifiers,20.0,no_additive,0.0,1.0,3000.0,20.8,,,,174.4,,34.8,29.8
100.0,0.0,,,,reinforcment_and_stiffening_modifiers,10.0,no_additive,0.0,1.0,2800.0,19.0,,,,174.6,,41.6,31.6
100.0,0.0,,,,reinforcment_and_stiffening_modifiers,20.0,no_additive,0.0,1.0,4000.0,22.6,,,,175.1,,38.2,32.7
100.0,0.0,,,,reinforcment_and_stiffening_modifiers,10.0,no_additive,0.0,1.0,3300.0,17.9,,,,175.2,,42.8,32.5
100.0,0.0,,,,reinforcment_and_stiffening_modifiers,20.0,no_additive,0.0,1.0,3400.0,18.2,,,,174.9,,38.7,33.2
98.0,2.0,,,,no_additive,0.0,no_additive,0.0,10.0,2394.0,14.1,1.01,,117.4,171.5,266.5,83.8,
98.0,2.0,,,,biofunctional_and_enviromental_additives,0.5,no_additive,0.0,,,,,,118.6,171.4,241.5,74.1,
98.0,2.0,,,,biofunctional_and_enviromental_additives,1.0,no_additive,0.0,,,,,,119.1,171.9,232.7,70.9,
98.0,2.0,,,,biofunctional_and_enviromental_additives,1.5,no_additive,0.0,,,,,,118.5,171.2,234.2,71.7,
98.0,2.0,,,,biofunctional_and_enviromental_additives,2.0,no_additive,0.0,,,,,,117.5,170.3,240.0,77.4,
98.0,2.0,,,,biofunctional_and_enviromental_additives,5.0,no_additive,0.0,,,,,,118.6,172.7,240.6,70.1,
98.0,2.0,,,,biofunctional_and_enviromental_additives,10.0,no_additive,0.0,,,,,,119.6,171.1,237.0,65.1,
82.0,18.0,420000.0,,,no_additive,0.0,no_additive,0.0,5.0,900.4,24.1,5.5,-2.0,36.0,169.0,,64.0,
82.0,18.0,420000.0,,,reinforcment_and_stiffening_modifiers,20.0,no_additive,0.0,,,,,-3.0,36.0,167.0,,49.0,
82.0,18.0,420000.0,,,reinforcment_and_stiffening_modifiers,40.0,no_additive,0.0,,,,,-2.0,38.0,166.0,,38.0,
82.0,18.0,420000.0,,,reinforcment_and_stiffening_modifiers,50.0,no_additive,0.0,5.0,753.7,7.6,2.1,-2.0,38.0,165.0,,31.0,
80.0,20.0,,,,no_additive,0.0,no_additive,0.0,,,,,,,,251.5,,
80.0,20.0,,,,biofunctional_and_enviromental_additives,10.0,no_additive,0.0,,,,,,,,197.0,,
80.0,20.0,,,,biofunctional_and_enviromental_additives,10.0,no_additive,0.0,,,,,,,,248.5,,
80.0,20.0,,,,biofunctional_and_enviromental_additives,10.0,no_additive,0.0,,,,,,,,249.3,,
68.0,32.0,530000.0,135897.4358974359,3.9,no_additive,0.0,no_additive,0.0,10.0,337.0,20.0,736.0,,,,,,
68.0,32.0,510000.0,115909.0909090909,4.4,no_additive,0.0,no_additive,0.0,10.0,319.0,21.0,792.0,,,,,,
70.0,30.0,540000.0,142105.26315789475,3.8,no_additive,0.0,no_additive,0.0,10.0,237.0,15.0,534.0,,,,,,
70.0,30.0,590000.0,143902.43902439025,4.1,no_additive,0.0,no_additive,0.0,10.0,286.0,16.0,614.0,,,,,,
83.0,17.0,630000.0,143181.81818181818,4.4,no_additive,0.0,no_additive,0.0,10.0,634.0,16.0,164.0,,,161.7,,,
87.0,13.0,590000.0,190322.58064516127,3.1,no_additive,0.0,no_additive,0.0,10.0,995.0,25.0,172.0,,,157.7,,,
98.0,2.0,280000.0,,,no_additive,0.0,no_additive,0.0,10.0,4124.0,34.5,2.02,1.6,,174.5,243.3,85.2,
80.0,20.0,551000.0,311299.4350282486,1.77,no_additive,0.0,no_additive,0.0,10.0,714.0,12.4,10.5,,82.3,128.0,227.5,49.8,45.0
60.0,40.0,483000.0,139595.37572254337,3.46,no_additive,0.0,no_additive,0.0,10.0,728.0,12.2,18.3,,41.2,152.6,206.0,6.3,37.0
40.0,60.0,546000.0,186986.301369863,2.92,no_additive,0.0,no_additive,0.0,10.0,402.0,8.4,14.3,,41.4,131.0,214.1,1.2,47.0
100.0,0.0,1436000.0,316299.55947136565,4.54,no_additive,0.0,no_additive,0.0,6.0,739.0,5.96,0.81,,,174.18,,50.36,
100.0,0.0,1708000.0,449473.68421052635,3.8,no_additive,0.0,no_additive,0.0,6.0,208.0,1.72,1.02,,,171.37,,36.03,
100.0,0.0,2122000.0,693464.0522875817,3.06,no_additive,0.0,no_additive,0.0,6.0,2648.0,26.48,1.03,,,179.82,,56.27,
100.0,0.0,1589000.0,407435.89743589744,3.9,no_additive,0.0,no_additive,0.0,6.0,919.0,10.16,1.49,,,175.34,,28.3,
97.5,2.5,,,,no_additive,0.0,no_additive,0.0,,1252.0,18.1,2.4,2.6,116.8,170.4,259.9,83.2,
97.5,2.5,,,,reinforcment_and_stiffening_modifiers,2.5,no_additive,0.0,,,,,2.6,117.8,169.9,250.8,85.7,
97.5,2.5,,,,reinforcment_and_stiffening_modifiers,5.0,no_additive,0.0,,,,,2.3,118.1,170.1,245.3,86.2,
97.5,2.5,,,,reinforcment_and_stiffening_modifiers,7.5,no_additive,0.0,,,,,2.4,118.2,171.7,245.3,87.4,
97.5,2.5,,,,reinforcment_and_stiffening_modifiers,10.0,no_additive,0.0,,,,,2.3,118.9,170.2,240.7,89.7,
97.5,2.5,,,,reinforcment_and_stiffening_modifiers,15.0,no_additive,0.0,,,,,2.2,120.5,170.1,230.0,100.6,
97.5,2.5,,,,reinforcment_and_stiffening_modifiers,20.0,no_additive,0.0,,,,,2.5,116.9,169.0,215.2,67.9,
97.5,2.5,,,,reinforcment_and_stiffening_modifiers,1.25,biofunctional_and_enviromental_additives,1.25,10.0,1735.0,27.0,2.4,1.8,116.7,169.0,259.8,77.4,
97.5,2.5,,,,reinforcment_and_stiffening_modifiers,2.5,biofunctional_and_enviromental_additives,2.5,10.0,1976.0,25.1,1.7,1.4,116.4,167.4,251.7,74.9,
97.5,2.5,,,,reinforcment_and_stiffening_modifiers,3.75,biofunctional_and_enviromental_additives,3.75,10.0,2000.0,27.7,2.2,1.5,118.5,168.8,248.0,72.3,
97.5,2.5,,,,reinforcment_and_stiffening_modifiers,5.0,biofunctional_and_enviromental_additives,5.0,10.0,1802.0,21.7,1.8,1.3,114.9,165.4,247.1,66.8,
97.5,2.5,,,,reinforcment_and_stiffening_modifiers,7.5,biofunctional_and_enviromental_additives,7.5,10.0,1702.0,29.4,2.0,0.9,113.9,163.4,215.2,50.3,
97.5,2.5,,,,reinforcment_and_stiffening_modifiers,10.0,biofunctional_and_enviromental_additives,10.0,10.0,1462.0,25.1,2.1,0.6,113.8,160.5,205.1,47.4,
100.0,0.0,440000.0,260000.0,1.6923076923076923,no_additive,0.0,no_additive,0.0,,,,,3.0,,172.0,,92.0,63.0
100.0,0.0,440000.0,260000.0,1.6923076923076923,reinforcment_and_stiffening_modifiers,10.0,no_additive,0.0,,,,,7.0,,174.0,,90.0,68.8
100.0,0.0,440000.0,260000.0,1.6923076923076923,reinforcment_and_stiffening_modifiers,20.0,no_additive,0.0,,,,,9.0,,173.0,,85.0,72.5
100.0,0.0,440000.0,260000.0,1.6923076923076923,reinforcment_and_stiffening_modifiers,40.0,no_additive,0.0,,,,,15.0,,170.0,,78.0,88.0
100.0,0.0,440000.0,260000.0,1.6923076923076923,reinforcment_and_stiffening_modifiers,50.0,no_additive,0.0,,,,,18.0,,167.0,,34.0,46.0
100.0,0.0,,,,no_additive,0.0,no_additive,0.0,,,,,5.66,82.85,,,,
100.0,0.0,,,,biofunctional_and_enviromental_additives,3.0,no_additive,0.0,,,,,4.94,84.37,167.73,,,
100.0,0.0,,,,biofunctional_and_enviromental_additives,3.0,no_additive,0.0,,,,,4.05,77.33,166.79,,,
100.0,0.0,,,,biofunctional_and_enviromental_additives,3.0,no_additive,0.0,,,,,4.65,69.49,167.14,,,
98.0,2.0,,,,no_additive,0.0,no_additive,0.0,,,,,,126.0,175.0,270.5,,62.0
98.0,2.0,,,,reinforcment_and_stiffening_modifiers,5.0,no_additive,0.0,,,,,,125.0,175.0,266.0,,62.0
98.0,2.0,,,,reinforcment_and_stiffening_modifiers,15.0,no_additive,0.0,,,,,,123.0,174.0,256.0,,64.0
98.0,2.0,,,,reinforcment_and_stiffening_modifiers,30.0,no_additive,0.0,,,,,,121.0,173.0,250.5,,63.0
98.0,2.0,,,,reinforcment_and_stiffening_modifiers,15.0,no_additive,0.0,,,,,,121.0,174.0,257.5,,63.0
98.0,2.0,,,,reinforcment_and_stiffening_modifiers,15.0,no_additive,0.0,,,,,,119.0,172.0,251.5,,62.0
98.0,2.0,,,,reinforcment_and_stiffening_modifiers,15.0,no_additive,0.0,,,,,,120.0,174.0,255.5,,63.0
98.0,2.0,,,,reinforcment_and_stiffening_modifiers,15.0,no_additive,0.0,,,,,,122.0,174.0,257.0,,66.0
98.0,2.0,,,,reinforcment_and_stiffening_modifiers,15.0,no_additive,0.0,,,,,,122.0,174.0,257.5,,65.0
98.0,2.0,,,,reinforcment_and_stiffening_modifiers,15.0,no_additive,0.0,,,,,,123.0,175.0,261.5,,65.0
92.0,8.0,296000.0,,,no_additive,0.0,no_additive,0.0,10.0,720.0,16.0,16.0,,,,,,
92.0,8.0,296000.0,,,plasticizers_and_flexibility_enhancers,10.0,no_additive,0.0,10.0,743.0,14.0,15.0,,,,,,
92.0,8.0,296000.0,,,plasticizers_and_flexibility_enhancers,30.0,no_additive,0.0,10.0,668.0,11.0,11.0,,,,,,
92.0,8.0,296000.0,,,plasticizers_and_flexibility_enhancers,50.0,no_additive,0.0,10.0,124.0,2.0,2.0,,,,,,
100.0,0.0,117869.0,49078.0,2.4016667345857616,no_additive,0.0,no_additive,0.0,10.0,920.0,18.8,5.7,-1.3,,167.8,265.5,74.1,50.8
100.0,0.0,117869.0,49078.0,2.4016667345857616,reinforcment_and_stiffening_modifiers,5.0,no_additive,0.0,10.0,1270.0,21.2,5.1,0.2,,167.7,265.1,71.3,48.8
100.0,0.0,117869.0,49078.0,2.4016667345857616,reinforcment_and_stiffening_modifiers,7.0,no_additive,0.0,10.0,1450.0,21.4,4.2,1.3,,168.6,267.5,65.1,44.6
100.0,0.0,117869.0,49078.0,2.4016667345857616,reinforcment_and_stiffening_modifiers,9.0,no_additive,0.0,10.0,1480.0,21.1,3.1,2.0,,169.2,266.5,62.3,42.7
98.0,2.0,,,,no_additive,0.0,no_additive,0.0,,2840.0,26.0,1.6,,117.2,173.2,219.32,106.9,49.0
98.0,2.0,,,,reinforcment_and_stiffening_modifiers,3.0,no_additive,0.0,,2435.0,22.1,1.1,,113.5,172.1,250.32,97.8,48.0
98.0,2.0,,,,reinforcment_and_stiffening_modifiers,9.0,no_additive,0.0,,3380.0,20.6,0.9,,109.9,172.0,266.64,109.3,46.0
98.0,2.0,,,,reinforcment_and_stiffening_modifiers,18.0,no_additive,0.0,,2020.0,17.0,0.8,,109.4,171.2,223.38,91.7,42.0
98.0,2.0,,,,reinforcment_and_stiffening_modifiers,3.0,no_additive,0.0,,3778.0,22.4,1.1,,113.1,173.2,255.24,94.8,50.0
98.0,2.0,,,,reinforcment_and_stiffening_modifiers,9.0,no_additive,0.0,,3303.0,15.0,1.3,,111.5,172.5,249.58,75.6,48.0
98.0,2.0,,,,reinforcment_and_stiffening_modifiers,18.0,no_additive,0.0,,3542.0,20.6,1.8,,111.0,171.3,251.64,95.9,45.0
92.0,8.0,443000.0,,,no_additive,0.0,no_additive,0.0,1.0,250.6,31.6,4.7,4.5,91.0,170.0,,,64.3
92.0,8.0,443000.0,,,reinforcment_and_stiffening_modifiers,0.5,no_additive,0.0,1.0,261.2,33.0,5.7,5.7,109.0,166.0,,,60.8
92.0,8.0,443000.0,,,reinforcment_and_stiffening_modifiers,10.0,no_additive,0.0,1.0,270.3,25.8,2.6,5.5,93.0,168.0,,,62.4
92.0,8.0,443000.0,,,reinforcment_and_stiffening_modifiers,1.0,reinforcment_and_stiffening_modifiers,10.0,1.0,274.2,25.9,2.3,6.3,114.0,167.0,,,56.2
92.0,8.0,443000.0,,,reinforcment_and_stiffening_modifiers,1.5,reinforcment_and_stiffening_modifiers,10.0,1.0,272.9,25.1,2.4,7.0,112.0,167.0,,,55.8
92.0,8.0,443000.0,,,reinforcment_and_stiffening_modifiers,2.0,reinforcment_and_stiffening_modifiers,10.0,1.0,280.9,29.1,3.0,7.1,111.0,164.0,,,52.4
92.0,8.0,443000.0,,,reinforcment_and_stiffening_modifiers,3.0,reinforcment_and_stiffening_modifiers,10.0,1.0,271.5,28.3,2.7,6.7,111.0,166.0,,,53.9
100.0,0.0,550000.0,,,no_additive,0.0,no_additive,0.0,,,,,,108.6,154.1,231.6,,46.1
100.0,0.0,550000.0,,,plasticizers_and_flexibility_enhancers,10.0,no_additive,0.0,,,,,,105.7,154.4,235.0,,46.3
100.0,0.0,550000.0,,,plasticizers_and_flexibility_enhancers,20.0,no_additive,0.0,,,,,,106.3,152.6,243.8,,48.1
100.0,0.0,550000.0,,,reinforcment_and_stiffening_modifiers,5.0,no_additive,0.0,,,,,,108.3,152.0,223.0,,47.7
100.0,0.0,550000.0,,,plasticizers_and_flexibility_enhancers,10.0,reinforcment_and_stiffening_modifiers,5.0,,,,,,108.4,155.3,222.8,,47.5
100.0,0.0,,,,reinforcment_and_stiffening_modifiers,10.0,no_additive,0.0,,,,,7.6,69.0,177.0,,71.1,
100.0,0.0,,,,reinforcment_and_stiffening_modifiers,20.0,no_additive,0.0,,,,,10.0,74.0,175.0,,64.2,
100.0,0.0,,,,reinforcment_and_stiffening_modifiers,30.0,no_additive,0.0,,,,,11.6,81.0,175.0,,53.1,
100.0,0.0,,,,reinforcment_and_stiffening_modifiers,10.0,no_additive,0.0,,,,,4.3,63.0,170.0,,75.4,
100.0,0.0,,,,reinforcment_and_stiffening_modifiers,20.0,no_additive,0.0,,,,,2.4,75.0,161.0,,66.7,
100.0,0.0,,,,reinforcment_and_stiffening_modifiers,30.0,no_additive,0.0,,,,,1.8,80.0,156.0,,52.7,
100.0,0.0,650000.0,290178.5714285714,2.24,no_additive,0.0,no_additive,0.0,,,,,,,173.4,,86.5,59.2
100.0,0.0,650000.0,290178.5714285714,2.24,nucleating_agent,1.0,no_additive,0.0,,,,,,,175.4,,87.3,59.8
88.0,12.0,360000.0,169014.08450704225,2.13,no_additive,0.0,no_additive,0.0,,,,,,,136.6,,52.3,35.8
88.0,12.0,360000.0,169014.08450704225,2.13,nucleating_agent,1.0,no_additive,0.0,,,,,,,143.6,,56.5,38.7
88.0,12.0,360000.0,169014.08450704225,2.13,nucleating_agent,1.0,no_additive,0.0,,,,,,,141.7,,54.6,37.4
88.0,12.0,360000.0,169014.08450704225,2.13,nucleating_agent,1.0,no_additive,0.0,,,,,,,141.9,,53.9,36.9
88.0,12.0,360000.0,169014.08450704225,2.13,nucleating_agent,1.0,no_additive,0.0,,,,,,,143.1,,55.0,37.7
92.0,8.0,443000.0,,,no_additive,0.0,no_additive,0.0,,,,,,91.0,,,,64.3
92.0,8.0,443000.0,,,reinforcment_and_stiffening_modifiers,30.0,no_additive,0.0,,,,,,71.0,163.0,,,62.3
92.0,8.0,443000.0,,,reinforcment_and_stiffening_modifiers,30.0,no_additive,0.0,,,,,,60.0,160.0,,,64.2
92.0,8.0,443000.0,,,reinforcment_and_stiffening_modifiers,30.0,no_additive,0.0,,,,,,66.0,158.0,,,64.8
92.0,8.0,443000.0,,,reinforcment_and_stiffening_modifiers,30.0,no_additive,0.0,,,,,,71.0,158.0,,,64.8
92.0,8.0,443000.0,,,reinforcment_and_stiffening_modifiers,30.0,no_additive,0.0,,,,,,77.0,167.0,,,64.5
92.0,8.0,443000.0,,,reinforcment_and_stiffening_modifiers,30.0,no_additive,0.0,,,,,,80.0,165.0,,,62.4
92.0,8.0,443000.0,,,reinforcment_and_stiffening_modifiers,30.0,no_additive,0.0,,,,,,75.0,165.0,,,65.6
92.0,8.0,443000.0,,,reinforcment_and_stiffening_modifiers,30.0,no_additive,0.0,,,,,,73.0,163.0,,,66.1
92.0,8.0,443000.0,,,reinforcment_and_stiffening_modifiers,30.0,no_additive,0.0,,,,,,77.0,163.0,,,65.2
92.0,8.0,443000.0,,,reinforcment_and_stiffening_modifiers,30.0,no_additive,0.0,,,,,,81.0,168.0,,,62.9
91.0,11.0,690000.0,,,no_additive,0.0,no_additive,0.0,5.0,950.0,21.2,4.92,,,,,,
91.0,11.0,690000.0,,,reinforcment_and_stiffening_modifiers,20.0,no_additive,0.0,5.0,1580.0,13.9,1.42,,,,,,
100.0,0.0,550000.0,,,no_additive,0.0,no_additive,0.0,2.0,1036.82,20.68,4.34,,113.0,163.9,,74.6,51.1
100.0,0.0,550000.0,,,plasticizers_and_flexibility_enhancers,5.0,no_additive,0.0,2.0,884.45,19.22,5.1,,113.7,164.5,,72.4,52.2
100.0,0.0,550000.0,,,plasticizers_and_flexibility_enhancers,5.0,no_additive,0.0,2.0,938.34,19.44,5.48,,113.3,163.5,,72.8,52.5
100.0,0.0,550000.0,,,plasticizers_and_flexibility_enhancers,5.0,no_additive,0.0,2.0,943.91,20.18,6.3,,108.3,164.2,,70.4,50.8
100.0,0.0,550000.0,,,plasticizers_and_flexibility_enhancers,5.0,no_additive,0.0,2.0,871.45,19.25,5.97,,111.6,162.0,,71.6,51.6
100.0,0.0,550000.0,,,plasticizers_and_flexibility_enhancers,10.0,no_additive,0.0,2.0,732.09,16.9,4.75,,115.3,167.2,,74.3,56.5
100.0,0.0,550000.0,,,plasticizers_and_flexibility_enhancers,10.0,no_additive,0.0,2.0,707.93,14.93,3.99,,112.5,161.9,,66.4,50.5
100.0,0.0,550000.0,,,plasticizers_and_flexibility_enhancers,10.0,no_additive,0.0,2.0,756.25,17.64,5.92,,112.0,162.3,,71.0,54.0
100.0,0.0,550000.0,,,plasticizers_and_flexibility_enhancers,10.0,no_additive,0.0,2.0,694.93,15.69,6.1,,108.0,157.9,,64.1,48.9
100.0,0.0,1700000.0,890000.0,1.91,no_additive,0.0,no_additive,0.0,,,,,-4.5,96.0,170.3,,39.8,27.3
100.0,0.0,1200000.0,580000.0,2.07,no_additive,0.0,no_additive,0.0,,,,,-0.8,98.5,172.3,,40.9,28.0
100.0,0.0,1600000.0,750000.0,2.13,no_additive,0.0,no_additive,0.0,,,,,3.0,97.7,171.3,,68.7,47.0
100.0,0.0,2500000.0,1180000.0,2.12,no_additive,0.0,no_additive,0.0,,,,,2.0,91.5,174.0,,63.9,43.8
100.0,0.0,1300000.0,720000.0,1.81,no_additive,0.0,no_additive,0.0,,,,,-3.8,97.6,169.2,,37.3,25.5
100.0,0.0,1000000.0,560000.0,1.79,no_additive,0.0,no_additive,0.0,,,,,-3.4,94.1,170.0,,40.1,27.5
100.0,0.0,1800000.0,940000.0,1.91,no_additive,0.0,no_additive,0.0,,,,,3.4,91.2,172.0,,67.6,46.3
100.0,0.0,2000000.0,1090000.0,1.83,no_additive,0.0,no_additive,0.0,,,,,2.0,89.2,172.5,,64.2,44.0
100.0,0.0,1400000.0,650000.0,2.15,no_additive,0.0,no_additive,0.0,,,,,-0.9,89.3,170.0,,37.2,25.5
100.0,0.0,2200000.0,880000.0,2.5,no_additive,0.0,no_additive,0.0,,,,,-2.3,90.1,172.2,,48.5,33.2
100.0,0.0,2200000.0,970000.0,2.27,no_additive,0.0,no_additive,0.0,,,,,2.2,87.7,171.9,,44.6,30.5
100.0,0.0,2400000.0,990000.0,2.42,no_additive,0.0,no_additive,0.0,,,,,2.1,90.0,172.7,,57.6,39.5
100.0,0.0,1900000.0,970000.0,1.96,no_additive,0.0,no_additive,0.0,,,,,-0.2,89.5,171.7,,37.8,25.9
100.0,0.0,2500000.0,1400000.0,1.79,no_additive,0.0,no_additive,0.0,,,,,1.9,90.2,173.6,,54.0,37.0
100.0,0.0,2700000.0,1600000.0,1.69,no_additive,0.0,no_additive,0.0,,,,,3.7,91.7,174.1,,59.7,40.9
100.0,0.0,2800000.0,1700000.0,1.65,no_additive,0.0,no_additive,0.0,,,,,4.1,91.4,175.2,,60.3,41.3
22.9,77.1,286000.0,114400.0,2.5,no_additive,0.0,no_additive,0.0,,,23.1,24.0,-3.7,104.2,150.8,,20.1,
22.9,77.1,286000.0,114400.0,2.5,reinforcment_and_stiffening_modifiers,1.0,no_additive,0.0,,,24.0,20.8,-2.6,100.8,149.4,,18.3,
22.9,77.1,286000.0,114400.0,2.5,reinforcment_and_stiffening_modifiers,5.0,no_additive,0.0,,,22.5,18.9,-2.2,96.0,148.2,,15.6,
22.9,77.1,286000.0,114400.0,2.5,reinforcment_and_stiffening_modifiers,10.0,no_additive,0.0,,,23.1,10.0,-1.5,107.2,151.1,,20.5,
100.0,0.0,,,,no_additive,0.0,no_additive,0.0,10.0,1430.23,25.96,4.95,,117.2,169.6,259.0,93.9,64.3
100.0,0.0,,,,reinforcment_and_stiffening_modifiers,10.0,no_additive,0.0,10.0,1744.2,21.86,3.13,,118.2,168.3,251.0,86.3,65.0
100.0,0.0,,,,reinforcment_and_stiffening_modifiers,10.0,no_additive,0.0,10.0,1825.0,22.06,2.94,,117.7,169.7,259.0,86.3,65.0
100.0,0.0,,,,reinforcment_and_stiffening_modifiers,10.0,no_additive,0.0,10.0,1616.2,19.3,2.9,,115.9,168.5,255.0,85.0,64.1
100.0,0.0,,,,reinforcment_and_stiffening_modifiers,10.0,no_additive,0.0,10.0,2011.62,21.8,2.81,,116.8,169.9,259.0,86.3,65.0
100.0,0.0,890000.0,462000.0,1.9264069264069263,no_additive,0.0,no_additive,0.0,2.0,3144.0,29.6,1.54,3.9,47.4,175.0,,87.4,
100.0,0.0,890000.0,462000.0,1.9264069264069263,reinforcment_and_stiffening_modifiers,5.0,no_additive,0.0,,,,,-8.3,40.0,143.9,,73.2,
100.0,0.0,890000.0,462000.0,1.9264069264069263,reinforcment_and_stiffening_modifiers,5.0,no_additive,0.0,,,,,2.6,44.7,174.4,,87.6,
100.0,0.0,890000.0,462000.0,1.9264069264069263,reinforcment_and_stiffening_modifiers,15.0,no_additive,0.0,2.0,2847.0,21.6,0.92,4.8,44.4,173.3,,84.3,
100.0,0.0,890000.0,462000.0,1.9264069264069263,reinforcment_and_stiffening_modifiers,30.0,no_additive,0.0,2.0,2554.0,11.6,0.55,3.8,42.9,171.4,,87.8,
100.0,0.0,543011.0,258576.0,2.1,no_additive,0.0,no_additive,0.0,10.0,1142.41,17.77,6.68,4.14,,178.48,,,
77.19,22.81,451633.0,209089.0,2.16,no_additive,0.0,no_additive,0.0,10.0,581.77,20.73,414.56,-2.37,,127.32,,,
57.24,42.76,341620.0,168285.0,2.03,no_additive,0.0,no_additive,0.0,10.0,120.88,8.07,594.61,-5.6,,91.94,,,
26.61,73.49,979101.0,443304.0,2.21,no_additive,0.0,no_additive,0.0,10.0,507.0,18.75,395.16,-12.12,,90.58,,,
8.83,91.17,886485.0,464128.0,1.91,no_additive,0.0,no_additive,0.0,10.0,664.76,20.53,365.75,-14.83,,95.59,,,
86.0,14.0,337028.0,171080.20304568528,1.97,no_additive,0.0,no_additive,0.0,,1550.0,29.5,3.88,,,145.5,,,
86.0,14.0,337028.0,171080.20304568528,1.97,plasticizers_and_flexibility_enhancers,5.0,no_additive,0.0,,799.0,21.08,6.02,,,140.4,,,
86.0,14.0,337028.0,171080.20304568528,1.97,plasticizers_and_flexibility_enhancers,10.0,no_additive,0.0,,680.0,19.05,7.51,,,141.0,,,
86.0,14.0,337028.0,171080.20304568528,1.97,plasticizers_and_flexibility_enhancers,15.0,no_additive,0.0,,868.0,19.2,5.9,,,140.0,,,
86.0,14.0,337028.0,171080.20304568528,1.97,plasticizers_and_flexibility_enhancers,20.0,no_additive,0.0,,602.0,13.8,7.51,,,137.3,,,
86.0,14.0,337028.0,171080.20304568528,1.97,plasticizers_and_flexibility_enhancers,10.0,no_additive,0.0,,900.0,18.67,5.09,,,140.0,,,
86.0,14.0,337028.0,171080.20304568528,1.97,plasticizers_and_flexibility_enhancers,10.0,no_additive,0.0,,780.0,19.6,7.46,,,140.0,,,
92.0,8.0,,,,no_additive,0.0,no_additive,0.0,,,,,,126.63,175.89,,74.6,51.1
92.0,8.0,,,,reinforcment_and_stiffening_modifiers,0.1,no_additive,0.0,,,,,,124.6,175.18,,78.8,54.0
92.0,8.0,,,,reinforcment_and_stiffening_modifiers,0.5,no_additive,0.0,,,,,,125.72,172.98,,87.5,60.2
92.0,8.0,,,,reinforcment_and_stiffening_modifiers,1.0,no_additive,0.0,,,,,,125.88,176.51,,82.6,57.1
92.0,8.0,,,,reinforcment_and_stiffening_modifiers,3.0,no_additive,0.0,,,,,,125.92,176.99,,81.5,57.5
92.0,8.0,,,,reinforcment_and_stiffening_modifiers,0.1,no_additive,0.0,,,,,,125.41,175.29,,87.0,59.7
92.0,8.0,,,,reinforcment_and_stiffening_modifiers,0.5,no_additive,0.0,,,,,,124.93,174.13,,82.9,57.1
92.0,8.0,,,,reinforcment_and_stiffening_modifiers,1.0,no_additive,0.0,,,,,,126.69,179.47,,79.4,54.9
92.0,8.0,,,,reinforcment_and_stiffening_modifiers,3.0,no_additive,0.0,,,,,,125.68,176.29,,69.3,48.9
90.9,9.1,1560000.0,1110000.0,1.41,no_additive,0.0,no_additive,0.0,5.0,2356.0,23.6,5.0,2.25,,151.2,,,47.81
69.9,30.1,1730000.0,1210000.0,1.43,no_additive,0.0,no_additive,0.0,5.0,572.1,16.5,428.6,-3.11,,140.4,,,9.64
46.7,53.3,980000.0,710000.0,1.37,no_additive,0.0,no_additive,0.0,5.0,1489.3,12.8,402.4,-10.1,,,,,
66.7,33.3,2000000.0,1230000.0,1.63,no_additive,0.0,no_additive,0.0,5.0,1926.5,12.6,125.2,-8.91,,141.3,,,24.91
53.2,46.8,1470000.0,1120000.0,1.32,no_additive,0.0,no_additive,0.0,5.0,1254.3,15.4,211.1,-7.34,,143.6,,,13.79
98.0,2.0,,,,no_additive,0.0,no_additive,0.0,50.0,1350.0,33.0,2.7,,,163.7,,94.42,71.53
98.0,2.0,,,,reinforcment_and_stiffening_modifiers,6.0,no_additive,0.0,50.0,1390.0,28.0,2.0,,,160.0,,91.29,69.16
98.0,2.0,,,,reinforcment_and_stiffening_modifiers,6.0,no_additive,0.0,50.0,1330.0,23.0,1.7,,,156.6,,83.8,63.5
97.0,3.0,280000.0,,,no_additive,0.0,no_additive,0.0,,3761.0,31.3,0.8,,,173.0,,,59.0
97.0,3.0,280000.0,,,plasticizers_and_flexibility_enhancers,5.0,no_additive,0.0,,3540.0,25.4,0.8,,,171.0,,,66.0
97.0,3.0,280000.0,,,plasticizers_and_flexibility_enhancers,10.0,no_additive,0.0,,3400.0,23.0,0.7,,,171.0,,,63.0
97.0,3.0,280000.0,,,plasticizers_and_flexibility_enhancers,15.0,no_additive,0.0,,3530.0,126.0,0.8,,,171.0,,,64.0
97.0,3.0,280000.0,,,plasticizers_and_flexibility_enhancers,17.0,no_additive,0.0,,3360.0,24.9,0.9,,,171.0,,,66.0
97.0,3.0,280000.0,,,plasticizers_and_flexibility_enhancers,5.0,no_additive,0.0,,1515.0,24.4,1.5,,,170.0,,,57.0
97.0,3.0,280000.0,,,plasticizers_and_flexibility_enhancers,10.0,no_additive,0.0,,2175.0,24.4,1.1,,,169.0,,,59.0
97.0,3.0,280000.0,,,plasticizers_and_flexibility_enhancers,13.0,no_additive,0.0,,2835.0,24.8,0.9,,,170.0,,,56.0
97.0,3.0,280000.0,,,plasticizers_and_flexibility_enhancers,5.0,no_additive,0.0,,2543.0,25.9,1.0,,,170.0,,,59.0
97.0,3.0,280000.0,,,plasticizers_and_flexibility_enhancers,10.0,no_additive,0.0,,1717.0,20.0,1.5,,,167.0,,,58.0
97.0,3.0,280000.0,,,plasticizers_and_flexibility_enhancers,15.0,no_additive,0.0,,1321.0,17.6,1.9,,,165.0,,,54.0
97.0,3.0,280000.0,,,plasticizers_and_flexibility_enhancers,20.0,no_additive,0.0,,1135.0,15.8,2.3,,,164.0,,,49.0
97.0,3.0,280000.0,,,plasticizers_and_flexibility_enhancers,5.0,no_additive,0.0,,3131.0,28.0,0.9,,,170.0,,,56.0
97.0,3.0,280000.0,,,plasticizers_and_flexibility_enhancers,10.0,no_additive,0.0,,3149.0,28.0,1.0,,,173.0,,,57.0
97.0,3.0,280000.0,,,plasticizers_and_flexibility_enhancers,13.0,no_additive,0.0,,3089.0,27.1,0.9,,,171.0,,,55.0
97.0,3.0,280000.0,,,plasticizers_and_flexibility_enhancers,5.0,no_additive,0.0,,3280.0,28.6,1.0,,,170.0,,,67.0
97.0,3.0,280000.0,,,plasticizers_and_flexibility_enhancers,10.0,no_additive,0.0,,2970.0,25.5,1.0,,,169.0,,,62.0
97.0,3.0,280000.0,,,plasticizers_and_flexibility_enhancers,13.0,no_additive,0.0,,2729.0,25.0,1.0,,,169.0,,,62.0
97.0,3.0,280000.0,,,plasticizers_and_flexibility_enhancers,5.0,no_additive,0.0,,2930.0,29.6,1.2,,,170.0,,,58.0
97.0,3.0,280000.0,,,plasticizers_and_flexibility_enhancers,10.0,no_additive,0.0,,2370.0,24.9,1.6,,,169.0,,,62.0
97.0,3.0,280000.0,,,plasticizers_and_flexibility_enhancers,15.0,no_additive,0.0,,2610.0,22.6,1.0,,,169.0,,,61.0
97.0,3.0,280000.0,,,plasticizers_and_flexibility_enhancers,20.0,no_additive,0.0,,2700.0,23.0,1.0,,,170.0,,,63.0
98.91,1.09,267000.0,,,no_additive,0.0,no_additive,0.0,,,,,,,170.7,277.3,89.4,61.0
98.91,1.09,267000.0,,,reinforcment_and_stiffening_modifiers,1.0,no_additive,0.0,,,,,,,171.5,260.7,92.6,63.8
98.91,1.09,267000.0,,,reinforcment_and_stiffening_modifiers,3.0,no_additive,0.0,,,,,,,164.1,242.6,91.3,64.2
98.91,1.09,267000.0,,,reinforcment_and_stiffening_modifiers,5.0,no_additive,0.0,,,,,,,154.2,235.4,89.9,64.6
98.91,1.09,267000.0,,,reinforcment_and_stiffening_modifiers,10.0,no_additive,0.0,,,,,,,144.4,227.1,85.6,64.9
88.0,12.0,,,,no_additive,0.0,no_additive,0.0,,,,,,,145.0,,47.0,
88.0,12.0,,,,reinforcment_and_stiffening_modifiers,1.0,no_additive,0.0,,,,,,,139.0,,28.0,
88.0,12.0,,,,reinforcment_and_stiffening_modifiers,5.0,no_additive,0.0,,,,,,,137.0,,23.0,
88.0,12.0,,,,reinforcment_and_stiffening_modifiers,10.0,no_additive,0.0,,,,,,,140.0,,37.0,
82.13,17.87,,,,no_additive,0.0,no_additive,0.0,,,,,4.98,78.07,155.4,217.15,85.59,59.0
77.45,22.55,,,,no_additive,0.0,no_additive,0.0,,,,,4.95,83.93,149.89,222.52,83.93,57.0
43.35,56.65,,,,no_additive,0.0,no_additive,0.0,,,,,4.85,60.55,138.22,263.04,60.55,41.0
100.0,0.0,350000.0,,,no_additive,0.0,no_additive,0.0,5.0,276.0,25.3,7.7,,48.2,140.3,,86.1,59.0
100.0,0.0,350000.0,,,reinforcment_and_stiffening_modifiers,10.0,no_additive,0.0,5.0,264.0,21.0,7.4,,57.6,138.5,,73.7,56.1
100.0,0.0,350000.0,,,reinforcment_and_stiffening_modifiers,10.0,no_additive,0.0,5.0,371.0,20.8,8.3,,51.7,142.8,,83.9,63.8
100.0,0.0,350000.0,,,reinforcment_and_stiffening_modifiers,10.0,reinforcment_and_stiffening_modifiers,10.0,5.0,183.0,18.0,6.4,,55.2,141.2,,74.9,64.1
100.0,0.0,,,,no_additive,0.0,no_additive,0.0,2.0,3168.0,22.0,,,,169.8,245.7,85.62,
100.0,0.0,,,,plasticizers_and_flexibility_enhancers,5.0,no_additive,0.0,2.0,2950.0,24.7,,,,170.1,255.6,79.02,56.97
100.0,0.0,,,,plasticizers_and_flexibility_enhancers,4.95,reinforcment_and_stiffening_modifiers,1.0,2.0,3080.0,26.7,,,,,258.8,,
100.0,0.0,,,,plasticizers_and_flexibility_enhancers,4.9,reinforcment_and_stiffening_modifiers,2.0,2.0,3200.0,26.5,,,,,260.9,,
100.0,0.0,,,,plasticizers_and_flexibility_enhancers,4.75,reinforcment_and_stiffening_modifiers,5.0,2.0,3000.0,22.9,,,,170.7,265.8,74.85,56.8
100.0,0.0,1416000.0,202285.7142857143,7.0,no_additive,0.0,no_additive,0.0,5.0,695.0,,,,101.0,171.0,254.0,,64.0
100.0,0.0,1416000.0,202285.7142857143,7.0,plasticizers_and_flexibility_enhancers,4.94,reinforcment_and_stiffening_modifiers,0.06,5.0,525.0,,,,97.0,171.0,261.0,,58.0
100.0,0.0,1416000.0,202285.7142857143,7.0,plasticizers_and_flexibility_enhancers,9.94,reinforcment_and_stiffening_modifiers,0.06,5.0,500.0,,,,91.0,173.0,261.0,,55.0
100.0,0.0,1416000.0,202285.7142857143,7.0,plasticizers_and_flexibility_enhancers,14.94,reinforcment_and_stiffening_modifiers,0.06,5.0,350.0,,,,96.0,172.0,264.0,,53.0
100.0,0.0,1416000.0,202285.7142857143,7.0,plasticizers_and_flexibility_enhancers,19.94,reinforcment_and_stiffening_modifiers,0.06,5.0,220.0,,,,87.0,172.0,273.0,,53.0
100.0,0.0,1416000.0,202285.7142857143,7.0,plasticizers_and_flexibility_enhancers,29.94,reinforcment_and_stiffening_modifiers,0.06,5.0,189.0,,96.0,,78.0,169.0,277.0,,45.0
100.0,0.0,1416000.0,202285.7142857143,7.0,plasticizers_and_flexibility_enhancers,29.8,reinforcment_and_stiffening_modifiers,0.2,5.0,220.0,,144.0,,,,,,
100.0,0.0,1416000.0,202285.7142857143,7.0,plasticizers_and_flexibility_enhancers,29.5,reinforcment_and_stiffening_modifiers,0.5,5.0,243.0,,145.0,,,,,,
88.0,12.0,474000.0,193000.0,2.5,no_additive,0.0,no_additive,0.0,,1990.0,23.0,8.0,-1.3,,157.0,,58.3,53.4
88.0,12.0,474000.0,193000.0,2.5,plasticizers_and_flexibility_enhancers,5.0,no_additive,0.0,,870.0,12.6,12.2,-12.7,,121.7,,51.1,46.9
88.0,12.0,474000.0,193000.0,2.5,plasticizers_and_flexibility_enhancers,10.0,no_additive,0.0,,1020.0,6.5,4.6,-13.6,,124.2,,51.1,46.9
88.0,12.0,474000.0,193000.0,2.5,plasticizers_and_flexibility_enhancers,15.0,no_additive,0.0,,635.0,6.05,6.0,-10.9,,130.7,,45.8,42.1
88.0,12.0,474000.0,193000.0,2.5,plasticizers_and_flexibility_enhancers,20.0,no_additive,0.0,,430.0,2.6,5.0,-12.9,,121.9,,40.9,37.6
88.0,12.0,474000.0,193000.0,2.5,plasticizers_and_flexibility_enhancers,30.0,no_additive,0.0,,500.0,3.9,4.5,-10.7,,123.7,,40.0,36.7
88.0,12.0,474000.0,193000.0,2.5,plasticizers_and_flexibility_enhancers,40.0,no_additive,0.0,,400.0,3.8,7.9,-15.4,,125.8,,29.0,26.6
100.0,0.0,,,,no_additive,0.0,no_additive,0.0,10.0,665.0,12.1,2.9,,,,,,
100.0,0.0,,,,plasticizers_and_flexibility_enhancers,10.0,no_additive,0.0,10.0,533.0,8.6,4.6,,,,,,
100.0,0.0,,,,plasticizers_and_flexibility_enhancers,20.0,no_additive,0.0,10.0,370.0,6.2,5.9,,,,,,
100.0,0.0,,,,plasticizers_and_flexibility_enhancers,35.0,no_additive,0.0,10.0,180.0,4.5,9.4,,,,,,
100.0,0.0,,,,plasticizers_and_flexibility_enhancers,50.0,no_additive,0.0,10.0,51.5,2.8,10.9,,,,,,
100.0,0.0,500000.0,250000.0,2.0,no_additive,0.0,no_additive,0.0,,583.78,,10.0,,,176.0,272.0,,
100.0,0.0,500000.0,250000.0,2.0,plasticizers_and_flexibility_enhancers,52.0,no_additive,0.0,,5.42,,338.0,-48.0,,52.0,285.0,,
100.0,0.0,,,,no_additive,0.0,no_additive,0.0,10.0,1470.0,18.0,3.0,3.1,41.2,171.8,,,
100.0,0.0,,,,plasticizers_and_flexibility_enhancers,42.0,no_additive,0.0,10.0,80.21,4.32,10.14,-27.3,58.6,173.8,,,
100.0,0.0,,,,no_additive,0.0,no_additive,0.0,5.0,1470.0,18.0,3.0,3.1,41.2,171.8,,,
100.0,0.0,,,,plasticizers_and_flexibility_enhancers,15.8,plasticizers_and_flexibility_enhancers,12.7,5.0,256.9,5.3,24.0,-20.0,,166.5,,,
100.0,0.0,890000.0,462000.0,1.92,no_additive,0.0,no_additive,0.0,,,,,5.9,,171.3,272.4,99.5,68.0
100.0,0.0,477000.0,399200.0,1.19,no_additive,0.0,no_additive,0.0,,,,,3.9,,175.6,236.7,96.0,65.0
100.0,0.0,350000.0,159100.0,2.2,no_additive,0.0,no_additive,0.0,,,,,-11.0,37.7,138.2,200.3,50.1,30.0
100.0,0.0,477000.0,399200.0,1.19,plasticizers_and_flexibility_enhancers,5.0,no_additive,0.0,,,,,-9.3,,169.0,222.3,75.4,51.6
100.0,0.0,477000.0,399200.0,1.19,plasticizers_and_flexibility_enhancers,5.0,no_additive,0.0,,,,,-6.4,,170.0,217.1,80.2,55.0
100.0,0.0,477000.0,399200.0,1.19,plasticizers_and_flexibility_enhancers,2.5,plasticizers_and_flexibility_enhancers,2.5,,,,,-4.2,,172.0,220.3,61.5,42.1
100.0,0.0,,,,no_additive,0.0,no_additive,0.0,,,,,10.0,,170.3,,73.9,
100.0,0.0,,,,plasticizers_and_flexibility_enhancers,50.0,no_additive,0.0,,78.5,7.8,22.9,11.9,,159.5,,47.9,
100.0,0.0,,,,plasticizers_and_flexibility_enhancers,20.0,no_additive,0.0,,84.6,7.54,10.1,16.3,,166.4,,41.3,
100.0,0.0,550000.0,,,plasticizers_and_flexibility_enhancers,10.0,no_additive,0.0,,,,,,107.0,152.1,257.1,,46.0
100.0,0.0,550000.0,,,plasticizers_and_flexibility_enhancers,20.0,no_additive,0.0,,,,,,107.9,154.2,243.8,,50.9
100.0,0.0,550000.0,,,plasticizers_and_flexibility_enhancers,10.0,reinforcment_and_stiffening_modifiers,5.0,,,,,,108.3,155.9,224.4,,48.7
3.0,97.0,300000.0,,,no_additive,0.0,no_additive,0.0,,2972.11,26.62,,,,,,,
3.0,97.0,300000.0,,,plasticizers_and_flexibility_enhancers,0.1,no_additive,0.0,,2175.3,27.28,,,,,,,
3.0,97.0,300000.0,,,plasticizers_and_flexibility_enhancers,0.2,no_additive,0.0,,1936.25,26.48,,,,,,,
3.0,97.0,300000.0,,,plasticizers_and_flexibility_enhancers,0.3,no_additive,0.0,,1677.29,27.15,,,,,,,
3.0,97.0,300000.0,,,plasticizers_and_flexibility_enhancers,0.4,no_additive,0.0,,1577.69,27.02,,,,,,,
3.0,97.0,300000.0,,,plasticizers_and_flexibility_enhancers,0.5,no_additive,0.0,,1498.01,27.68,,,,,,,
3.0,97.0,300000.0,,,plasticizers_and_flexibility_enhancers,0.6,no_additive,0.0,,1448.21,27.41,,,,,,,
3.0,97.0,300000.0,,,plasticizers_and_flexibility_enhancers,0.7,no_additive,0.0,,1498.01,26.88,,,,,,,
100.0,0.0,,,,no_additive,0.0,no_additive,0.0,,2116.2,36.6,49.9,,74.4,166.6,242.6,,
100.0,0.0,,,,reinforcment_and_stiffening_modifiers,0.5,no_additive,0.0,,2563.2,49.1,38.5,,84.7,166.6,269.0,,
100.0,0.0,,,,reinforcment_and_stiffening_modifiers,1.0,no_additive,0.0,,2626.6,52.6,44.1,,85.05,167.5,269.0,,
100.0,0.0,,,,reinforcment_and_stiffening_modifiers,1.5,no_additive,0.0,,2937.8,55.17,49.4,,88.0,167.9,269.0,,
100.0,0.0,,,,reinforcment_and_stiffening_modifiers,2.0,no_additive,0.0,,3286.3,45.9,41.4,,89.4,167.5,269.0,,
100.0,0.0,,,,no_additive,0.0,no_additive,0.0,50.0,,28.0,,,116.9,164.2,195.6,81.1,55.5
100.0,0.0,,,,reinforcment_and_stiffening_modifiers,2.0,no_additive,0.0,,,,,,115.5,163.0,195.7,78.4,54.8
100.0,0.0,,,,reinforcment_and_stiffening_modifiers,2.0,no_additive,0.0,,,,,,118.2,163.3,200.9,81.5,57.0
100.0,0.0,,,,reinforcment_and_stiffening_modifiers,2.0,no_additive,0.0,,,,,,118.2,163.6,206.8,81.5,57.0
100.0,0.0,548277.0,,,no_additive,0.0,no_additive,0.0,1.0,1268.0,,5.6,,54.5,168.7,,80.0,54.8
100.0,0.0,548277.0,,,reinforcment_and_stiffening_modifiers,5.0,no_additive,0.0,1.0,1455.0,,1.6,,76.0,168.7,,74.3,53.6
100.0,0.0,,40000.0,,no_additive,0.0,no_additive,0.0,1.0,2800.0,27.64,1.2,,92.6,167.1,,97.5,66.8
100.0,0.0,,40000.0,,reinforcment_and_stiffening_modifiers,1.0,no_additive,0.0,1.0,3029.5,33.315,1.6,,80.7,167.8,,84.5,58.5
100.0,0.0,,40000.0,,reinforcment_and_stiffening_modifiers,5.0,no_additive,0.0,1.0,2570.0,26.798,1.2,,71.1,163.6,,87.5,63.1
100.0,0.0,,40000.0,,reinforcment_and_stiffening_modifiers,20.0,no_additive,0.0,1.0,2570.0,27.528,1.3,,69.5,167.5,,72.1,61.7
100.0,0.0,,,,no_additive,0.0,no_additive,0.0,,,,,,90.3,169.6,287.0,96.09,
100.0,0.0,,,,reinforcment_and_stiffening_modifiers,2.0,no_additive,0.0,,,,,,92.5,170.0,290.0,82.42,
100.0,0.0,,,,reinforcment_and_stiffening_modifiers,2.0,no_additive,0.0,,,,,,72.9,168.2,282.0,88.28,
100.0,0.0,,,,reinforcment_and_stiffening_modifiers,2.0,no_additive,0.0,,,,,,80.5,168.0,282.0,92.73,
100.0,0.0,,,,no_additive,0.0,plasticizers_and_flexibility_enhancers,10.0,2.0,,,2.15,,112.2,163.8,191.9,57.7,57.9
100.0,0.0,,,,no_additive,0.0,plasticizers_and_flexibility_enhancers,10.0,2.0,,,3.09,,111.8,163.0,202.4,53.2,57.5
100.0,0.0,,,,reinforcment_and_stiffening_modifiers,0.5,plasticizers_and_flexibility_enhancers,10.0,2.0,,,2.08,,114.8,164.2,,63.1,57.4
100.0,0.0,,,,reinforcment_and_stiffening_modifiers,0.5,plasticizers_and_flexibility_enhancers,10.0,,,,,,116.5,163.8,,55.3,57.1
100.0,0.0,,,,reinforcment_and_stiffening_modifiers,1.0,plasticizers_and_flexibility_enhancers,10.0,2.0,,,2.33,,114.1,163.6,195.3,61.3,58.3
100.0,0.0,,,,reinforcment_and_stiffening_modifiers,1.0,plasticizers_and_flexibility_enhancers,10.0,2.0,,,2.5,,115.2,162.9,196.7,50.5,57.0
100.0,0.0,,,,reinforcment_and_stiffening_modifiers,2.0,plasticizers_and_flexibility_enhancers,10.0,2.0,,,2.36,,114.6,163.6,192.4,56.5,58.0
100.0,0.0,,,,reinforcment_and_stiffening_modifiers,2.0,plasticizers_and_flexibility_enhancers,10.0,,,,,,115.1,162.8,203.0,50.7,56.2
100.0,0.0,,,,reinforcment_and_stiffening_modifiers,5.0,plasticizers_and_flexibility_enhancers,10.0,2.0,,,1.7,,114.1,164.4,192.8,60.3,57.0
100.0,0.0,,,,reinforcment_and_stiffening_modifiers,5.0,plasticizers_and_flexibility_enhancers,10.0,,,,,,114.0,163.0,194.4,49.7,57.3
100.0,0.0,,,,reinforcment_and_stiffening_modifiers,2.0,plasticizers_and_flexibility_enhancers,10.0,,,,,,113.7,162.7,183.5,51.7,59.4
100.0,0.0,,,,no_additive,0.0,no_additive,0.0,,,,,,,,272.4,88.2,60.3
100.0,0.0,,,,nucleating_agent,10.0,no_additive,0.0,,,,,,,,276.2,81.3,61.9
100.0,0.0,,,,nucleating_agent,20.0,no_additive,0.0,,,,,,,,277.4,72.3,62.0
100.0,0.0,,,,nucleating_agent,30.0,no_additive,0.0,,,,,,,,279.9,61.9,60.5
100.0,0.0,,,,nucleating_agent,40.0,no_additive,0.0,,,,,,,,281.1,52.4,59.8
100.0,0.0,,,,nucleating_agent,50.0,no_additive,0.0,,,,,,,,283.4,43.1,59.0
97.0,3.0,,,,no_additive,0.0,no_additive,0.0,,4052.0,37.1,1.87,28.0,,173.1,278.7,97.4,66.7
97.0,3.0,,,,plasticizers_and_flexibility_enhancers,23.08,no_additive,0.0,,2559.0,28.75,3.88,-14.0,,171.4,279.5,72.2,64.3
97.0,3.0,,,,plasticizers_and_flexibility_enhancers,23.08,reinforcment_and_stiffening_modifiers,1.0,,2559.0,31.45,5.2,-14.0,,171.5,279.2,70.7,63.4
100.0,0.0,290000.0,126086.95652173914,2.3,no_additive,0.0,no_additive,0.0,,,,,-20.4,93.9,174.0,,59.48,40.49
100.0,0.0,290000.0,126086.95652173914,2.3,reinforcment_and_stiffening_modifiers,0.25,no_additive,0.0,,,,,-22.0,89.0,170.0,,21.75,14.55
100.0,0.0,290000.0,126086.95652173914,2.3,reinforcment_and_stiffening_modifiers,0.5,no_additive,0.0,,,,,-24.1,88.9,158.1,,8.91,3.23
100.0,0.0,290000.0,126086.95652173914,2.3,reinforcment_and_stiffening_modifiers,1.0,no_additive,0.0,,,,,-29.3,86.9,151.0,,7.94,2.5
98.5,1.5,400000.0,,,no_additive,0.0,no_additive,0.0,,,,,,115.4,172.4,,80.9,55.9
98.5,1.5,400000.0,,,no_additive,0.0,reinforcment_and_stiffening_modifiers,3.0,,,,,,120.4,172.1,,86.4,60.7
98.5,1.5,400000.0,,,reinforcment_and_stiffening_modifiers,1.0,reinforcment_and_stiffening_modifiers,2.0,,,,,,121.3,173.0,,87.8,61.7
98.5,1.5,400000.0,,,reinforcment_and_stiffening_modifiers,1.5,reinforcment_and_stiffening_modifiers,1.5,,,,,,122.0,173.1,,88.2,62.0
98.5,1.5,400000.0,,,reinforcment_and_stiffening_modifiers,2.0,reinforcment_and_stiffening_modifiers,1.0,,,,,,121.7,172.6,,84.9,59.7
98.5,1.5,400000.0,,,reinforcment_and_stiffening_modifiers,3.0,no_additive,0.0,,,,,,119.0,172.6,,83.5,58.6
100.0,0.0,,,,no_additive,0.0,no_additive,0.0,,,,,,,162.0,,,
100.0,0.0,,,,reinforcment_and_stiffening_modifiers,1.0,no_additive,0.0,,,,,,,165.0,,,
100.0,0.0,,,,reinforcment_and_stiffening_modifiers,5.0,no_additive,0.0,,,,,,,169.0,,,
100.0,0.0,,,,reinforcment_and_stiffening_modifiers,15.0,no_additive,0.0,,,,,,,172.0,,,
100.0,0.0,,,,reinforcment_and_stiffening_modifiers,30.0,no_additive,0.0,,,,,,,172.0,,,
100.0,0.0,150000.0,,,no_additive,0.0,no_additive,0.0,,,14.5,1.87,,,,,,
100.0,0.0,150000.0,,,plasticizers_and_flexibility_enhancers,20.0,no_additive,0.0,,,16.0,7.2,,,,,,
100.0,0.0,150000.0,,,plasticizers_and_flexibility_enhancers,40.0,no_additive,0.0,,,10.0,190.7,,,,,,
100.0,0.0,370000.0,221556.88622754492,1.67,no_additive,0.0,no_additive,0.0,50.0,430.52,20.95,20.29,0.39,69.0,162.4,,46.9,32.1
100.0,0.0,370000.0,221556.88622754492,1.67,nucleating_agent,5.0,no_additive,0.0,50.0,443.15,17.63,11.35,-7.5,62.1,161.3,,62.2,42.6
100.0,0.0,370000.0,221556.88622754492,1.67,nucleating_agent,17.0,no_additive,0.0,50.0,517.15,15.91,7.71,-9.3,58.0,160.3,,60.9,41.7
100.0,0.0,370000.0,221556.88622754492,1.67,nucleating_agent,5.0,no_additive,0.0,50.0,649.37,17.53,6.99,-5.2,59.2,160.6,,54.2,37.1
100.0,0.0,370000.0,221556.88622754492,1.67,nucleating_agent,17.0,no_additive,0.0,,,,,-10.0,55.2,159.2,,49.6,34.0
100.0,0.0,,,,no_additive,0.0,no_additive,0.0,10.0,1950.0,35.6,4.14,,,175.1,295.2,73.9,50.6
100.0,0.0,,,,reinforcment_and_stiffening_modifiers,2.91,no_additive,0.0,10.0,1960.0,29.08,1.91,,,172.3,,76.1,52.1
100.0,0.0,,,,reinforcment_and_stiffening_modifiers,5.66,no_additive,0.0,10.0,2000.0,29.16,1.97,,,172.9,,67.7,46.4
100.0,0.0,,,,reinforcment_and_stiffening_modifiers,8.26,no_additive,0.0,10.0,1980.0,30.62,2.33,,,169.4,,73.8,50.6
100.0,0.0,,,,reinforcment_and_stiffening_modifiers,2.91,no_additive,0.0,10.0,2220.0,31.22,1.83,,,171.4,290.0,74.2,50.8
100.0,0.0,,,,reinforcment_and_stiffening_modifiers,5.66,no_additive,0.0,10.0,2330.0,28.82,1.45,,,170.8,284.8,65.5,44.9
100.0,0.0,,,,reinforcment_and_stiffening_modifiers,8.26,no_additive,0.0,10.0,2500.0,26.4,1.23,,,170.9,280.0,63.5,43.5
100.0,0.0,500000.0,,,no_additive,0.0,no_additive,0.0,,4450.0,,65.0,,,169.7,,80.1,
100.0,0.0,500000.0,,,nucleating_agent,0.5,no_additive,0.0,,,,,,,169.2,,76.8,
100.0,0.0,500000.0,,,nucleating_agent,2.0,no_additive,0.0,,4940.0,,27.3,,,169.2,,80.5,
100.0,0.0,293500.0,,,no_additive,0.0,no_additive,0.0,,3500.0,40.0,6.0,,101.0,164.0,223.0,70.8,48.5
100.0,0.0,,,,no_additive,0.0,no_additive,0.0,2.0,,25.3,2.0,,,170.74,257.0,95.52,
85.4,14.6,,,,no_additive,0.0,no_additive,0.0,2.0,,21.6,11.8,,,165.03,263.0,84.61,
